Experiment,RNN - C-Index,RNN - MAE,RNN - MSE,RNN - R2,Cox - C-Index,Cox - MAE,Cox - MSE,Cox - R2,LSTM - C-Index,LSTM - MAE,LSTM - MSE,LSTM - R2,BiLSTM - C-Index,BiLSTM - MAE,BiLSTM - MSE,BiLSTM - R2
Experiment 1,0.993945054470956,1.9462188742390072,13.543786736496768,0.9986481698098508,0.8041464972181975,40.61115355561793,4164.8398709593375,0.5980473582927268,0.9978140101265567,0.8786098971680042,2.46555821915879,0.9997539081129173,0.9968215655934942,1.1971358234730882,7.806805658004803,0.9992207884115097
