Experiment,RNN - C-Index,RNN - MAE,RNN - MSE,RNN - R2,Cox - C-Index,Cox - MAE,Cox - MSE,Cox - R2,LSTM - C-Index,LSTM - MAE,LSTM - MSE,LSTM - R2,BiLSTM - C-Index,BiLSTM - MAE,BiLSTM - MSE,BiLSTM - R2
Experiment 1,0.9821299172492831,3.8348196328707207,37.62424970758872,0.9928149285699606,0.7580914834258577,74.5795340295771,8042.899023245031,-0.5816117027051106,0.992619306286883,1.5904701444000124,15.783899058196576,0.9969857620269089,0.9937640401941417,1.4845545797637014,7.125246458222167,0.9986392976562497
